Advanced Technology Center for Aging Research ITA
    advanced technology center for aging research, scientific technological area, irccs inrca, ancona, italy
Affiliated Cancer Hospital of Fujian Medical University CHN
    department of gynecology, fujian cancer hospital, affiliated cancer hospital of fujian medical university, fuzhou, fujian, china
Affiliated Hospital of Chuanbei Medical College CHN
    department of radiology, affiliated hospital of chuanbei medical college, nanchong, china
Agency for Science, Technology and Research SGP
    singapore institute of manufacturing technology, agency for science, technology and research (a⁎star), singapore
    institute of materials research and engineering (imre), a*star (agency for science, technology and research), innovis, singapore
    institute for infocomm research (i2r), a*star (agency for science, technology and research), #21-01 connexis (south tower), singapore
Agh University of Science and Technology POL
    department of automatics and biomedical engineering, agh university of science and technology, krakow, poland
Agia Sofia Childrens Hospital GRC
    agia sofia children's hospital, athens, greece
Air Force Research Laboratory USA
    air force research laboratory, information directorate, rome, ny  13441, united states
    air force research laboratory, sensors directorate, wpafboh  453, united states
Alan Turing Institute GBR
    alan turing institute, london, united kingdom
    alan turing institute, london, nw1 2db, united kingdom
Albert Einstein College of Medicine USA
    albert einstein college of medicine, zucker hillside hospital, glen oaks, ny, united states
Alexander University Erlangen DEU
    institute for factory automation and production systems (faps), friedrich-alexander university erlangen-nurnberg (fau), egerlandstraße 7-9, erlangen, 91058, germany
Amity University IND
    department of electronics & communication, amity university uttar pradesh, noida, uttar pradesh, india
    amity university, uttar pradesh, india
Anderson School of Management at Ucla USA
    anderson school of management at ucla, los angeles, ca, united states
Argonne National Laboratory USA
    center for nanoscale materials, argonne national laboratory, argonne, il  60439, united states
Arizona State University USA
    department of biomedical informatics, arizona state university, united states
Athinoula A Martinos Center for Biomedical Imaging USA
    department of radiology, athinoula a. martinos center for biomedical imaging, massachusetts general hospital, harvard medical school, boston, ma, united states
Av Universidades ESP
    deustotech, faculty of engineering, university of deusto, av. universidades, 24, bilbao, 48007, spain
Beijing Univ of Posts and Telecomm CHN
    beijing key lab of intelligent telecomm. software and multimedia, beijing univ. of posts and telecomm., beijing, 100876, china
Beijing University of Posts and Telecomm CHN
    school of electronic engineering, beijing university of posts and telecomm., beijing, 100876, china
Belgorod State University RUS
    belgorod state university, pobedy street 85, belgorod, 308015, russian federation
Bochum University of Applied Sciences DEU
    bochum university of applied sciences, heiligenhaus, 42579, germany
Bosch Center for Artificial Intelligence DEU
    bosch center for artificial intelligence, robert bosch gmbh, renningen, germany
    bosch center for artificial intelligence, renningen, 71272, germany
Brown University USA
    warren alpert medical school, brown university, providence, ri, united states
    brown university, computer science, providence, ri, united states
California Institute of Technology USA
    biology and bioengineering, california institute of technology, pasadena, ca, united states
California State University USA
    deparment of mathematics, california state university, los angeles, united states
Canadian Institute for Advanced Research CAN
    child brain development program, canadian institute for advanced research (cifar), toronto, on, canada
    brain, mind consciousness program, canadian institute for advanced research (cifar), toronto, on, canada
Carl Von Ossietzky University Oldenburg DEU
    department for medical physics and acoustics, cluster of excellence hearing4all, carl von ossietzky university oldenburg, oldenburg, germany
Carnegie Mellon University USA
    department of ece, carnegie mellon university, pittsburgh, pa  15213, united states
    carnegie mellon university, pittsburgh, united states
Catalan Institute of Classical Archaeology ESP
    catalan institute of classical archaeology, ramon y cajal researcher, spain
Ccg Zgdv Institute PRT
    epmq - it engineering maturity and quality lab, ccg zgdv institute, guimaraes, portugal
Center for Machine Learning USA
    applied research, center for machine learning, capital one, mclean, va, united states
Center for Research On Computation and Society USA
    harvard john a. paulson school of engineering and applied sciences, center for research on computation and society, cambridge, ma, united states
Central South University CHN
    school of computer science and engineering, central south university, changsha, hunan, china
    college of literature and journalism, central south university, no. 932 south lushan road, changsha, hunan, 410083, china
Centre for Information and Communications Technology Research ESP
    centre for information and communications technology research (citic), campus de elvina s/n, a coruna, 15071, spain
Centro Cardiologico Monzino ITA
    department of cardiovascular sciences, centro cardiologico monzino, milan, italy
Centro Tecnologico Das Industrias Textil E do Vestuario de Portugal PRT
    citeve - centro tecnologico das industrias textil e do vestuario de portugal, famalicao, portugal
    citeve - centro tecnologico das industrias textil e do vestuario de portugal, familicao, portugal
Centro de Computacao Grafica PRT
    centro de computacao grafica, guimaraes, 4804-533, portugal
Centrum Catolica Graduate Business School PER
    centrum catolica graduate business school (ccgbs), lima, peru
Chang Gung University College of Medicine TWN
    chang gung university college of medicine, taoyuan, taiwan
Changan University CHN
    college of science, chang'an university, xi'an, shannxi province, china
Chapman University USA
    crean college of health and behavioural sciences, chapman university, orange, ca, united states
    schmid college of science and technology, chapman university, orange, ca, united states
    institute for interdiskiplinary brain and behavioural sciences, chapman university, orange, ca, united states
Chiba University JPN
    faculty of horticulture, chiba university, matsudo, chiba  271-8510, japan
China University of Geosciences CHN
    china university of geosciences, wuhan, china
Chinese Academy of Sciences CHN
    institute of automation, chinese academy of sciences, beijing, 100190, china
    chinese academy of sciences, institute of computer technology, beijing, china
    national astronomical observatories, chinese academy of sciences, beijing, china
Chinese University of Hong Kong CHN
    department of computer science and engineering, chinese university of hong kong, hong kong, 999077, hong kong
Chongqing University CHN
    college of microelectronics and communication engineering, chongqing university, chongqing, china
    school of electronic and electrical engineering, chongqing university of arts and sciences, chongqing, china
Chungbuk National University Cheongju KOR
    dept, of computer science, chungbuk national university cheongju, chungbuk, south korea
Chungbuk National University KOR
    dept, of computer science, chungbuk national university, cheongju, chungbuk, south korea
    dept. of computer science, chungbuk national university, cheongju, south korea
    school of information and communication engineering, chungbuk national university, cheonjgu, south korea
Coimbra Polytechnic PRT
    coimbra polytechnic-isec, rua pedro nunes, coimbra, 3030-199, portugal
Colorado School of Mines USA
    colorado school of mines, golden, co  80401, united states
Columbia University USA
    columbia university, 525 west 120th street, new york, ny  10027, united states
    columbia university, new york city, ny, united states
Computer Science Princess Sumaya University for Technology JOR
    computer science princess sumaya university for technology, amman, jordan
Computer Vision Center ESP
    computer vision center, spain
Cornell University TCD
    department of computer science, cornell university, ithaca, ny 14853, usa chad.pearson@cuanschutz.edu
Cornell University USA
    cornell university, ithaca, ny, united states
    department of molecular biology and genetics, cornell university, ithaca, ny 14853, usa
Data Technology and Product Department CHN
    alibaba group, data technology and product department, hangzhou, china
Department of Anaesthesiology and Perioperative Medicine USA
    department of anaesthesiology and perioperative medicine, david geffen school of medicine at ucla, los angeles, ca, united states
Department of Biostatistics USA
    harvard t.h. chan school of public health, department of biostatistics, boston, ma  02215, united states
Department of Cardiology NLD
    department of cardiology, division heart and lungs, utrecht, netherlands
Department of Clinical Chemistry FIN
    department of clinical chemistry, fimlab laboratories, tampere, finland
Department of Computer Science and Engineering IND
    department of computer science and engineering, git gitam (deemed to be university), vishakhapatnam, andhra pradesh, india
    department of computer science and engineering, koneru lakshmaiah education foundation, vaddeswaram, andhra pradesh, india
Department of Computer Science and Engineering Manipal Institute of Technology IND
    department of computer science & engineering manipal institute of technology (manipal academy of higher education), manipal, india
Department of Computer Science and Engineering Michigan State University USA
    department of computer science and engineering michigan state university, east lansing, mn  48824, united states
Department of Diagnostic Imaging USA
    department of diagnostic imaging, rhode island hospital, providence, ri, united states
Department of Diagnostic Radiology TWN
    department of diagnostic radiology, chang gung memorial hospital, chiayi, taiwan
Department of Endocrinology USA
    department of endocrinology, mayo clinic, rochester, mn, united states
Department of Forensic Medicine FIN
    department of forensic medicine, fimlab laboratories, tampere, finland
Department of Medicine USA
    brigham and women's hospital, department of medicine, boston, ma  02215, united states
Department of National Defence CAN
    drdc centre for operational research and analysis, department of national defence, ottawa, canada
Department of Neurology CHN
    department of neurology, hunan provincial people's hospital, changsha, hunan, china
Department of Neurosurgery GBR
    etats-unis, department of neurosurgery, nuffield department of surgical sciences, john radcliffe hospital, oxford, united kingdom
Department of Neurosurgery TWN
    department of neurosurgery, chang gung memorial hospital, chiayi, taiwan
Department of Pathology CHN
    department of pathology, hunan children's hospital, changsha, hunan, china
Department of Pharmacology and Experimental Therapeutics USA
    department of pharmacology and experimental therapeutics, mayo clinic, rochester, mn, united states
Department of Quality Control GRC
    sismanogleio general hospital, department of quality control, research and continuing education, marousi, greece
Department of Radiology USA
    department of radiology, brigham and women's hospital, boston, ma, united states
Department of Surgery USA
    department of surgery, uc davis, davis, united states
Duke University USA
    duke university, durham, nc, united states
Earth Corporation JPN
    earth corporation, ako, hyogo  678-0207, japan
East West University BGD
    east west university, dept. of computer science engineering, bangladesh
Ecole Polytechnique FRA
    ecole polytechnique, palaiseau, 91120, france
Edinburgh Napier University GBR
    school of computing, edinburgh napier university, edinburgh, united kingdom
Eindhoven University of Technology NLD
    eindhoven university of technology, department of mathematics and computer science, eindhoven, netherlands
Emergency Department GRC
    sismanogleio general hospital, emergency department, marousi, greece
Escola Politecnica BRA
    escola politecnica, pucrs, porto alegre, brazil
Farber Cancer Institute USA
    dana-farber cancer institute, department of informatics & analytics, boston, ma  02215, united states
    dana-farber cancer institute, department of pyschosocial oncology and palliative care, boston, ma  02215, united states
Federal University of Parana BRA
    federal university of parana (ufpr), laboratory of vision, robotics and imaging (vri), curitiba, brazil
Federal University of Pernambuco BRA
    center for information technology, federal university of pernambuco, recife, brazil
Federal University of Rio Grande do Norte BRA
    digital metropolis institute, federal university of rio grande do norte, natal, brazil
    department of informatics and applied mathematics, federal university of rio grande do norte, natal, brazil
Federal University of Rio de Janeiro BRA
    federal university of rio de janeiro (ufrj), rio de janeiro, 21941-590, brazil
Federal University of Santa Maria BRA
    computer engineering program, federal university of santa maria, santa maria, brazil
    department of electronics and computing, federal university of santa maria, santa maria, brazil
Federal University of State of Rio de Janeiro BRA
    federal university of state of rio de janeiro (unirio), rio de janeiro, 22290-240, brazil
Florida International University USA
    optical imaging laboratory, department of biomedical engineering, florida international university, miami, fl  33174, united states
Fraunhofer Institute for Production Technology Ipt DEU
    fraunhofer institute for production technology ipt, steinbachstr. 17, aachen, 52074, germany
Fujian Medical University CHN
    department of hepatopancreatobiliary surgery, the first affiliated hospital, fujian medical university, fuzhou, china
Fzi Research Center for Information Technology DEU
    fzi research center for information technology, germany
George Washington University USA
    george washington university during this work, hewlett packard enterprise, united states
    george washington university, united states
Georgia Tech Research Institute USA
    georgia tech research institute, 925 dalney st nw, atlanta, ga, united states
Ghent University BEL
    emsme, eedt-dc ghent university, flanders make ghent, belgium
Guanganmen Hospital CHN
    guanganmen hospital, china academy of chinese medical sciences, china
Guizhou University CHN
    college of computer science and technology, guizhou university, guiyang, china
    guizhou engineer lab of acmis, guizhou university, guiyang, china
Gujarat Technological University IND
    vishwakarma government engineering college, gujarat technological university, ahmedabad, india
Gurion University of The Negev ISR
    ben-gurion university of the negev, beer sheva, israel
    ben-gurion university of the negev, beer-sheva, israel
Hana Institute of Technology KOR
    hana institute of technology, bigdata and ai lab., hana ti, seoul, south korea
Harbin Institute of Technology CHN
    department of information engineering, harbin institute of technology, harbin, china
    harbin institute of technology, harbin, 150001, china
Harvard University USA
    harvard university, boston, ma, united states
Hellenic Open University GRC
    school of science and technology, hellenic open university, patras, greece
Hong Kong Polytechnic University CHN
    department of industrial and systems engineering, knowledge management and innovation research centre, the hong kong polytechnic university, kowloon, hong kong
Hong Kong Shue Yan University CHN
    department of economics and finance, hong kong shue yan university, north point, hong kong
    sustainable real estate research center, hong kong shue yan university, north point, hong kong
Hong Kong University of Science and Technology CHN
    hong kong university of science and technology, hong kong
Hospital for Sick Children CAN
    hospital for sick children, neurosciences and mental health, toronto, on, canada
Huazhong University of Science and Technology CHN
    huazhong university of science and technology, wuhan, china
Ilia State University GEO
    institute of chemical biology, ilia state university, tbilisi, 0162, georgia
    institute of chemical biology, ilia state university, tbilisi, georgia
Imperial College London GBR
    department of civil and environmental engineering, imperial college london, london, sw7 2az, united kingdom
    imperial college london, london, united kingdom
Indian Institute of Management Ranchi IND
    area of information systems and business analytics, indian institute of management ranchi, ranchi, india
Indian Institute of Management Ranchiranchi IND
    indian institute of management ranchiranchi, india
Indian Institute of Technology IND
    department of computer science and engineering, indian institute of technology (ism), dhanbad, india
    department of electrical engineering, indian institute of technology (ism), dhanbad, india
Industrial Technology Research Institute TWN
    industrial technology research institute, hsinchu, taiwan
Informatics Institute of Technology LKA
    informatics institute of technology, colombo, sri lanka
    informatics institute of technology, ramakrishna road, colombo 6, sri lanka
Infrasoft Middle East /Big Data Department USA
    infrasoft middle east /big data department, united states
Institute for Data Science DEU
    th koln, institute for data science, engineering, and analytics, gummersbach, germany
Institute of Applied and Computational Mathematics GRC
    institute of applied and computational mathematics, forth, greece
Institute of Computer Science DEU
    th koln, institute of computer science, gummersbach, germany
Institute of Epidemiology I DEU
    institute of epidemiology i, helmholtz zentrum munchen, german research center for environmental health, neuherberg, germany
Institute of Psychiatry GBR
    department of neuroimaging, institute of psychiatry, psychology and neuroscience, king's college london, london, united kingdom
    department of psychosis studies, institute of psychiatry, psychology and neuroscience, king's college london, london, united kingdom
Instituto de Telecomunicacoes PRT
    iscte-iul, instituto de telecomunicacoes, portugal
    iscte-iul, instituto de telecomunicacoes, istar-iul, portugal
Intensive Medicine Department ITA
    internal and sub-intensive medicine department, a.o.u. ospedali riuniti, ancona, 60020, italy
It Center for Science and Technology ROU
    it center for science and technology, bucharest, 011702, romania
Itmo University RUS
    itmo university, saint petersburg, russian federation
Jerusalem College of Technology ISR
    department of computer science, jerusalem college of technology (machon lev), jerusalem, israel
    department of computer science, jerusalem college of technology (machon lev), 21 havaad haleumi st., 91160 jerusalem, israel
Jimei University CHN
    school of science, jimei university, xiamen, fujian, china
Kalinga Institute of Industrial Technology IND
    school of computer engineering, kalinga institute of industrial technology, bhubaneswar, india
Kennesaw State University USA
    department of mechatronics engineering, kennesaw state university, kennesaw, ga  30144-5588, united states
Khmelnytskyi National University UKR
    khmelnytskyi national university, 11, instytuts'ka str., khmelnytskyi, 29016, ukraine
Kl University IND
    kl university, guntur, andhra pradesh, india
    dept of computer science & engineering, kl university, india
Laboratorio Nacional de Computacao Cientifica BRA
    laboratorio nacional de computacao cientifica, petropolis, rj, brazil
Laboratory for Information and Decision Systems Mit USA
    laboratory for information and decision systems mit, cambridge, ma  02139, united states
Lawrence Berkeley National Laboratory USA
    lawrence berkeley national laboratory, berkeley, ca  94720, united states
Leiden University NLD
    leiden university, leiden, netherlands
    leiden university, liacs, leiden, netherlands
Linnaeus University SWE
    linnaeus university, kalmar, 39354, sweden
Liverpool University CHN
    department of civil engineering, xi'an jiaotong-liverpool university, suzhou, china
Louisiana State University USA
    intelligent construction management lab (icml), bert s. turner department of construction management, louisiana state university, 237 electrical engineering building, baton rouge, la  70803, united states
    intelligent construction management lab (icml), bert s. turner department of construction management, louisiana state university, 3315d patrick f. taylor hall, baton rouge, la  70803, united states
    bert s. turner department of construction management, louisiana state university, 3316a patrick f. taylor hall, baton rouge, la  70803, united states
    department of mechanical & industrial engineering, louisiana state university, 3290b patrick f. taylor hall, baton rouge, la  70803, united states
    division of computer science and engineering, louisiana state university, 237 electrical engineering building, baton rouge, la  70803, united states
    lsu-industrial assessment center, louisiana state university, 3131 patrick f. taylor hall, baton rouge, la  70803, united states
Ltsirs Laboratory TUN
    ltsirs laboratory, enit, tunis, 1002, tunisia
Ludwig Maximilian Universitat DEU
    artificial intelligence in medical imaging (ai-med), department of child and adolescent psychiatry, ludwig maximilian universitat, munich, germany
Lund University SWE
    lund university, lund, 22100, sweden
Mahidol University THA
    mahidol university, thailand
Manipal Institute of Technology IND
    department of information and communication technology, manipal institute of technology, manipal academy of higher education), manipal, india
Marche Polytechnic University ITA
    neurological clinic, marche polytechnic university, ancona, 60121, italy
Massachusetts Institute of Technology USA
    massachusetts institute of technology, cambridge, united states
    massachusetts institute of technology, cambridge, ma, united states
    massachusetts institute of technology, cambridge, ma  02139, united states
    massachusetts institute of technology, united states
Mcmaster University CAN
    hamilton health sciences centre, mcmaster university, hamilton, on, canada
Medical University Graz AUT
    medical university graz, graz, austria
Michigan State University USA
    michigan state university, east lansing, united states
Mie University Advanced Science Research Promotion Center JPN
    department of bioinformatics, mie university advanced science research promotion center, mie, tsu, 514-8507, japan
Mie University Graduate School of Medicine JPN
    department of integrative pharmacology, mie university graduate school of medicine, mie, tsu, 514-8507, japan
Mie University JPN
    graduate school of regional innovation studies, mie university, mie, tsu, 514-8507, japan
Mie University Zebrafish Drug Screening Center JPN
    mie university zebrafish drug screening center, mie, tsu, 514-8507, japan
Military Institute of Engineering BRA
    military institute of engineering (ime), rio de janeiro, brazil
Ministry of Education CHN
    key laboratory of optoelectronic science and technology for medicine of ministry of education & fujian provincial key laboratory of photonics technology, fujian normal university, fuzhou, fujian, china
    mobile health ministry of education-china mobile joint laboratory, china
    key laboratory of birth defects and related diseases of women and children (sichuan university), ministry of education, chengdu, china
Montclair State University USA
    montclair state university, montclair, nj, united states
Moscow Aviation Institute RUS
    moscow aviation institute (national research university), 4, volokolamskoe sh., moscow, 125993, russian federation
Moscow City University RUS
    moscow city university, 2-nd selskohozoyastvenny street 4, moscow, 129226, russian federation
Mvn University IND
    electronics & communication, mvn university, palwal, india
Najran University SAU
    faculty of computers science & information system, najran university, najran, saudi arabia
Nanjing University CHN
    state key laboratory for novel software technology, nanjing university, nanjing, china
Nara Institute of Science and Technology JPN
    information science, nara institute of science and technology, japan
    nara institute of science and technology, japan
    science and technology, nara institute of science and technology, japan
National Agriculture and Food Research Organization JPN
    western region agricultural research center, national agriculture and food research organization, fukuyama, hiroshima  721-8514, japan
National Cancer Institute USA
    laboratory of cancer biology and genetics, national cancer institute, national institute of health, 9000 rockville pike, bethesda, md  20892, united states
National Chiao Tung University TWN
    national chiao tung university, hsinchu, taiwan
National Chung Cheng University TWN
    department of information management, national chung cheng university, chiayi, taiwan
National Dong Hwa University TWN
    department of information management, national dong hwa university, taiwan
National Geophysical Research Institute IND
    csir-national geophysical research institute, hyderabad, 500007, india
National Hellenic Research Foundation GRC
    theoretical and physical chemistry institute, national hellenic research foundation, vass. constantinou 48, athens, gr-11635, greece
National Institute for Health Research GBR
    national institute for health research (nihr), blood and transplant research unit (btru) in donor health and genomics, university of cambridge, cambridge, united kingdom
National Institute of Public Health SVN
    health data center, national institute of public health, ljubljana, slovenia
National Research Council Canada CAN
    digital technologies research centre, national research council canada, montreal, canada
National Research Council of Italy ITA
    institute for electromagnetic sensing of the environment, national research council of italy, milano, 20133, italy
National Research University Higher School of Economics RUS
    national research university higher school of economics, myasnitskaya str. 20, moscow, 101000, russian federation
    national research university higher school of economics, 20, myasnitskaya st., moscow, 101000, russian federation
National Research University RUS
    higher school of economics, national research university, moscow, russian federation
    moscow aviation institute, national research university, moscow, russian federation
National School of Public Health Management and Professional Development ROU
    national school of public health management and professional development, str. vaselor, nr. 31, bucharest, 030167, romania
National Supercomputer Centre CHN
    national supercomputer centre, wuxi, 214072, china
National University of Singapore SGP
    national university of singapore, singapore, singapore
    department of electrical and computer engineering, national university of singapore, singapore
Netherlands Escience Center NLD
    netherlands escience center, science park 140, amsterdam, 1098 xg, netherlands
Neuroscience Institute USA
    neuroscience institute, allegheny health network, pittsburgh, pa, united states
Nile University EGY
    nile university, egypt
Nirma University IND
    institute of technology, nirma university, ahmedabad, india
Northeastern University USA
    department of art and design, northeastern university, boston, ma, united states
Northwestern Polytechnical University CHN
    school of automation, northwestern polytechnical university, xi'an, shannxi province, china
Northwestern University USA
    center for behavioral intervention technologies, feinberg school of medicine, northwestern university, chicago, il, united states
Ntt Software Innovation Center JPN
    ntt software innovation center, japan
Ocean University of China CHN
    department of computer science and technology, ocean university of china, qingdao, 266100, china
Okayama University JPN
    okayama university, graduate school of natural science and technology, okayama, japan
Owl University of Applied Sciences and Arts DEU
    institute industrial it, owl university of applied sciences and arts, lemgo, germany
Oxford University GBR
    oxford university, united kingdom
Paderborn University DEU
    paderborn university, warburger straße 100, paderborn, 33098, germany
    paderborn university, warburger str. 100, paderborn, 33098, germany
    heinz nixdorf institute, department of computer science, paderborn university, paderborn, germany
Paris Cardiovascular Research Center FRA
    inserm, u970, paris cardiovascular research center - parcc, sorbonne paris cite, paris, france
Paul Sabatier University FRA
    paul sabatier university, irit (cnrs/umr 5505), 118 route de narbonne, toulouse, 31062, france
Peking University CHN
    ece of shenzhen graduate school, peking university, no.2199 lishui road, shenzhen, guangdong, 518055, china
Penn State College of Medicine USA
    departments of ophthalmology and public health sciences, penn state college of medicine, hershey, pa, united states
Politecnico Di Milano ITA
    department of architecture, built environment and construction engineering, politecnico di milano, milano, 20133, italy
    department of civil and environmental engineering, politecnico di milano, milano, 20133, italy
Pontifical Catholic University of Rio de Janeiro BRA
    pontifical catholic university of rio de janeiro (puc-rio), rio de janeiro, 22451-900, brazil
Pontificia Universidad Catolica del Peru PER
    pontificia universidad catolica del peru (pucp), lima, peru
Pontificia Universidade Catolica do Rio Grande do Sul BRA
    pontificia universidade catolica do rio grande do sul, sao jose dos campos, brazil
Rensselaer Polytechnic Institute USA
    rensselaer polytechnic institute, united states
    rensselaer polytechnic institute, troy, ny  12180, united states
Roma Tre University ITA
    department of engineering, roma tre university, via della vasca navale 79, rome, 00146, italy
Rt Corporation JPN
    rt corporation, chiyoda ku, tokyo, 101-0021, japan
Rutgers Universitynj USA
    rutgers universitynj, united states
Rwth Aachen University DEU
    institute for communication technologies and embedded systems, rwth aachen university, aachen, germany
    rwth aachen university, e.on energy research center, institute for energy efficient buildings and indoor climate, aachen, germany
Saint Petersburg Electrotechnical University Leti RUS
    saint petersburg electrotechnical university leti, faculty of computer science and technology, saint petersburg, russian federation
Saints Cyril and Methodius University MKD
    faculty of computer science and engineering, saints cyril and methodius university, skopje, north macedonia
Samsung Advanced Institute of Technology KOR
    samsung advanced institute of technology (sait), south korea
Samsung Rd Institute India IND
    samsung rd institute india-bangalore
Sas Institute Incnc USA
    sas institute inc.nc, united states
Saveetha Institute of Medical and Technical Sciences IND
    department of computer science and engineering, saveetha school of engineering, saveetha institute of medical and technical sciences, chennai, india
Second Xiangya Hospital of Central South University CHN
    departments of neurology, second xiangya hospital of central south university, changsha, hunan, china
    departments of radiology, second xiangya hospital of central south university, changsha, hunan, china
Segula Technologies FRA
    segula technologies, parc d'activite de pissaloup, 8 avenue jean d'alembert, trappes, 78190, france
Seoul National University KOR
    seoul national university, dept. of electrical and computer engineering, seoul, south korea
    department of transdiskiplinary studies, seoul national university, seoul, south korea
Shanghai Jiao Tong University CHN
    department of computer science, shanghai jiao tong university, shanghai, 200240, china
    department of cse, moe key lab of artificial intelligence, shanghai jiao tong university, china
Sismanogleio General Hospital GRC
    sismanogleio general hospital, intensive care unit, marousi, greece
Southwest Jiaotong University CHN
    jd intelligent cities business unit, jd intelligent cities research, southwest jiaotong university, beijing, china
    southwest jiaotong university, chengdou, china
Stanford University Libraries USA
    department of anthropology, stanford university libraries, stanford, ca, united states
Stanford University School of Medicine USA
    institute of immunity, transplantation and infection, stanford university school of medicine, stanford, ca  94304, united states
    department of pediatrics, stanford university school of medicine, stanford, ca  94304, united states
    department of microbiology and immunology, stanford university school of medicine, stanford, ca  94304, united states
Stanford University USA
    stanford university, united states
    human immune monitoring center, stanford university, stanford, ca  94304, united states
    howard hughes medical institute, stanford university, stanford, ca  94304, united states
    stanford center for biomedical informatics research, stanford university, united states
Taibah University SAU
    department of computers science and information, taibah university, madinah, saudi arabia
Tampere University Hospital FIN
    department of cardiology, heart center, tampere university hospital, tampere, finland
    department of cardio-thoracic surgery, heart center, tampere university hospital, tampere, finland
    department of clinical physiology, tampere university hospital, tampere, finland
Technical Center BEL
    advanced technology division, toyota motor europe nv/sa, technical center, hoge wei 33b, zaventem, 1930, belgium
Technical University of Denmark DNK
    technical university of denmark, kgs. lyngby, 2800, denmark
Technische Universitat Berlin DEU
    machine learning group, technische universitat berlin, marchstr. 23, berlin, 10587, germany
Texas A and M University USA
    department of computer science and engineering, texas a and m university, united states
    department of industrial and systems engineering, texas a and m university, united states
The Chinese University of Hong Kong CHN
    the chinese university of hong kong, shatin, hong kong
The Second Affiliated Hospital of Chongqing Medical University CHN
    department of radiology, the second affiliated hospital of chongqing medical university, chongqing, china
    department of breast and thyroid surgery, the second affiliated hospital of chongqing medical university, chongqing, china
Tj Watson Research Center USA
    ibm, t.j. watson research center, 1101 kitchawan rd, yorktown heights, ny  10598, united states
Tokyo Institute of Technology JPN
    tokyo institute of technology, tokyo, japan
Toyohashi Univ of Technology JPN
    toyohashi univ of technology, toyohashi, japan
Transport and Telecommunication Institute LVA
    transport and telecommunication institute (tti), lomonosova iela 1, riga, latvia
Tsinghua University CHN
    tsinghua university, beijing, 100084, china
    dept. of electronic engineering, tsinghua university, china
    tsinghua university, china
Uber Technologies USA
    uber technologies, inc., san francisco, united states
Ulm University DEU
    ulm university, ulm, germany
Unirio Federal University of The State of Rio de Janeiro BRA
    postgraduate program in informatics - unirio federal university of the state of rio de janeiro, rio de janeiro, brazil
United Technology Research Center ITA
    united technology research center, via praga 5, trento, 38121, italy
Univ Bourgogne Franche FRA
    univ. bourgogne franche-comte, cnrs, femto-st, fclab, rue thierry mieg, belfort, 90010, france
Universidad Michoacana MEX
    division de estudios de posgrado, universidad michoacana, morelia, mexico
    universidad michoacana, morelia, mexico
    instituto de investigaciones economicas y empresariales, universidad michoacana, morelia, mexico
Universidad Nacional de Ingenieria PER
    universidad nacional de ingenieria, rimac, lima, 15333, peru
Universidad Rey Juan Carlos ESP
    universidad rey juan carlos, madrid, spain
Universidad de Sevilla ESP
    departamento de lenguajes y sistemas informaticos, universidad de sevilla, seville, spain
Universidade Federal de Minas Gerais BRA
    computer science department, universidade federal de minas gerais, belo horizonte, mg, brazil
    universidade federal de minas gerais, sao jose dos campos, sp, brazil
    computer science department, universidade federal de minas gerais, belo horizonte, brazil
    universidade federal de minas gerais, department of computer science, belo horizonte, mg, brazil
    computer science department, universidade federal de minas gerais, belo horizonte, minas gerais, brazil
Universidade Federal de Sao Joao del Rei BRA
    universidade federal de sao joao del rei, department of computer science, sao joao del rei, mg, brazil
Universidade Federal do Abc BRA
    center of mathematics, computation and cognition, universidade federal do abc, santo andre, brazil
Universidade de Lisboa PRT
    lasige, department of informatics, faculdade de ciencias, universidade de lisboa, lisbon, portugal
Universidade de Minho PRT
    algoritmi centre, dep. information systems, university of minho, guimaraes, portugal
    algoritmi centre, department of information systems, university of minho, guimaraes, portugal
    algoritmi center, department of information systems, university of minho, guimaraes, 4804-533, portugal
Universidade de Sao Paulo BRA
    universidade de sao paulo, sao jose dos campos, brazil
    institute of mathematical and computer sciences, university of sao paulo, av. trabalhador sao-carlense, 400, sao carlos, sao paulo, 13560-970, brazil
Universidade do Porto PRT
    feup, universidade do porto, porto, portugal
    inesc tec/faculdade de engenharia, universidade do porto, rua dr. roberto frias, s/n, porto, 4200-465, portugal
Universidade do Vale do Rio Dos Sinos BRA
    universidade do vale do rio dos sinos (unisinos), sao leopoldo, rio grande do sul, brazil
Universitat Oberta de Catalunya ESP
    universitat oberta de catalunya, spain
Universitat de Barcelona ESP
    universitat de barcelona, spain
Universite Laval CAN
    department of operations and decision systems, universite laval, quebec city, qc  g1v 0a6, canada
Universite Paris FRA
    upsud/inria, universite paris-saclay, orsay, 91400, france
    tau, lri-cnrs-inria, universite paris-saclay, france
Universite de Haute FRA
    universite de haute-alsace, irimas ur 7499, mulhouse, f-68100, france
Universite de Montreal CAN
    mila, universite de montreal, montreal, canada
Universite de Rennes 1 FRA
    universite de rennes 1, rennes, france
Universite de Strasbourg FRA
    icube laboratory, universite de strasbourg, 300 bd sebastien brant, illkirch, 67412, france
Universiti Teknologi Mara MYS
    faculty of computer and mathematical sciences, universiti teknologi mara, perak branch tapah campus, malaysia
    faculty of computer and mathematical sciences, universiti teknologi mara, shah alam, malaysia
    universiti teknologi mara, perak branch, tapah campus, faculty of computer and mathematical sciences, malaysia
    universiti teknologi mara, perak branch, faculty of architecture, planning and surveying, malaysia
    universiti teknologi mara, faculty of architecture, planning and surveying, shah alam, selangor, malaysia
    faculty of computer and mathematical sciences, universiti teknologi mara, perak branch, tapah campus, malaysia
    faculty of computer and mathematical sciences, universiti teknologi mara, shah alam, selangor, malaysia
Universiti Teknologi Petronas MYS
    universiti teknologi petronas, faculty of science and information technology, perak, malaysia
Universiti Teknologi Petronasperak MYS
    faculty of science and information technology, universiti teknologi petronasperak, malaysia
University College London GBR
    health data research uk london, institute for health informatics, university college london, london, united kingdom
    institute of cardiovascular science, faculty of population health sciences, university college london, london, united kingdom
University Hospital Complex of A Coruna (Chuac) ESP
    biomedical research institute of a coruna (inibic), university hospital complex of a coruna (chuac), a coruna, 15006, spain
University Institute for Computing Research ESP
    university institute for computing research (iuii), university of alicante, spain
University Medical Center Groningen NLD
    department of radiology, university medical center groningen, netherlands
University Medical Center Utrecht NLD
    image sciences institute, university medical center utrecht, netherlands
    department of radiology, university medical center utrecht, netherlands
    image sciences institute, university medical center utrecht, heidelberglaan 100, 3584 cx, utrecht, netherlands
    department of radiology, university medical center utrecht, heidelberglaan 100, 3584 cx, utrecht, netherlands
University Medical Center and Medical Faculty Mannheim DEU
    department of dermatology, venereology and allergy, university medical center and medical faculty mannheim, university of heidelberg, and center of excellence in dermatology, theodor-kutzer-ufer 1-3, mannheim, 68167, germany
University Politehnica of Bucharest ROU
    computer science department, university politehnica of bucharest, bucharest, 060042, romania
University of A Coruna ESP
    rnasa-imedir group, computer science faculty, university of a coruna, elvina, a coruna, 150171, spain
    department of computation, computer science faculty, university of a coruna (udc), a coruna, 15071, spain
University of Alicante ESP
    department of software and computing systems, university of alicante, spain
    department of languages and computing systems, university of alicante, spain
University of Amsterdam NLD
    university of amsterdam, amsterdam, netherlands
University of Applied Science Osnabruck DEU
    university of applied science osnabruck, faculty of engineering and computer science, osnabruck, germany
University of Augsburg DEU
    organic computing group, university of augsburg, eichleitnerstr. 30, 86159 augsburg, germany
University of Bonn DEU
    university of bonn, germany
University of British Columbia CAN
    department of electrical and computer engineering, university of british columbia, canada
    university of british columbia, canada
University of Buffalo USA
    university of buffalo, buffalo, ny, united states
University of Calabria ITA
    department of biology, ecology and earth sciences, university of calabria, rende, 87036, italy
University of Calgary CAN
    division of otolaryngology-head and neck surgery, department of surgery, university of calgary, calgary, ab, canada
University of California USA
    department of pathology and laboratory medicine, university of california davis, 4400 v st., sacramento, ca  95817, united states
    university of california san diego, united states
    university of california, berkeley, berkeley, ca  94720, united states
    doheny eye institute, university of california los angeles, stein eye institute, los angeles, ca, united states
    department of computer science, university of california, los angeles, ca, united states
    department of anaesthesiology and perioperative care, university of california, irvine, ca, united states
    department of biomedical engineering, university of california, irvine, ca, united states
    center for neurobehavioral genetics, semel institute for neuroscience and human behaviour, university of california, los angeles, ca, united states
    bioinformatics interdepartmental program, university of california, los angeles, ca, united states
    department of human genetics, university of california, los angeles, ca, united states
    department of biomathematics, university of california, los angeles, ca, united states
    department of computer science, university of california, irvine, ca, united states
    university of california los angeles, los angeles, ca, united states
    department of electrical engineering, university of california, los angeles, ca  90095, united states
    eecs, university of california, berkeley, united states
University of Cambridge GBR
    department of engineering, university of cambridge, trumpington street, cambridge, cb2 1pz, united kingdom
    marie sklodowska-curie fellow, mcdonald institute for archaeological research, university of cambridge, united kingdom
    department of public health and primary care, university of cambridge, cambridge, united kingdom
    department of cardiovascular medicine, university of cambridge, cambridge university hospitals nhs foundation trust, cambridge, united kingdom
    university of cambridge, alan turing institute, united kingdom
    university of cambridge, united kingdom
University of Chicago Medical Center USA
    cardiac imaging center, university of chicago medical center, chicago, il, united states
University of Chicago USA
    university of chicago, chicago, il  60615, united states
    university of chicago, chicago, il, united states
University of Coimbra PRT
    cisuc, department of informatics engineering, university of coimbra, coimbra, portugal
    cisuc - department of informatics engineering, university of coimbra, coimbra, portugal
    cisuc-centre of informatics and systems of university of coimbra, dei, polo 2 coimbra3030-290, portugal
University of Colorado School of Medicine USA
    department of cell and developmental biology, university of colorado school of medicine, co 80045-2537, 2801 east 17th avenue, aurora, united states
University of Crete GRC
    department of computer science, university of crete, voutes campus, heraklion, crete  gr-70013, greece
    department of chemistry, university of crete, voutes campus, heraklion, crete  gr-70013, greece
    university of crete, greece
    university of crete, gnosis da, greece
    computer science department, university of crete, heraklion, greece
University of Cyprus CYP
    department of computer science, university of cyprus, p.o. box 20537nicosia  1678, cyprus
University of Derby GBR
    university of derby, kedleston road, derby, de22 1gb, united kingdom
University of Deusto ESP
    deustotech, faculty of engineering, university of deusto, bilbao, spain
University of Edinburgh GBR
    division of psychiatry, university of edinburgh, edinburgh, united kingdom
    lothian birth cohorts group, department of psychology, university of edinburgh, edinburgh, united kingdom
    university of edinburgh, alan turing institute, edinburgh, united kingdom
University of Electronic Science and Technology of China CHN
    institute of fundamental and frontier sciences, university of electronic science and technology of china, no. 4, section 2, north jianshe road, chengdu 610054, china
    school of information and software engineering, university of electronic science and technology of china, chengdu, china
University of Florida USA
    smart medical informatics learning and evaluation, university of florida, department of biomedical engineering, united states
University of Freiburg DEU
    department of computer science, university of freiburg, freiburg im breisgau, germany
    university of freiburg, germany
    university of freiburg, freiburg, 79110, germany
    university of freiburg, freiburg im breisgau, germany
    department of computer science, university of freiburg, germany
University of Havana CUB
    school of math and computer science, university of havana, cuba
University of Hildesheim DEU
    university of hildesheim, hildesheim, germany
University of Hong Kong CHN
    department of real estate and construction, the university of hong kong, pok fu lam, hong kong
    department of industrial and manufacturing systems engineering, university of hong kong, hong kong
University of Huddersfield GBR
    department of computer science, university of huddersfield, queensgate, hd1 3dh, united kingdom
    applied criminology and policing centre, university of huddersfield, queensgate, hd1 3dh, united kingdom
    department of computer science, university of huddersfield, united kingdom
    university of huddersfield, united kingdom
University of Illinois USA
    department of computer science, university of illinois, urbana-champaign, il, united states
University of Jordan JOR
    king abdullah ii school of it, university of jordan, jordan
University of Kansas USA
    university of kansas, lawrence, ks, united states
University of Kent BRA
    university of kent, sao jose dos campos, brazil
University of Kent GBR
    school of computing, university of kent, canterbury, kent, united kingdom
    school of computing, university of kent, canterbury, united kingdom
    school of computing, university of kent, canterbury, kent, ct2 7nf, united kingdom
    school of computing, university of kent, canterbury, ct2 7nf, united kingdom
    school of computing, university of kent canterbury, kent, united kingdom
University of Kragujevac SRB
    university of kragujevac, faculty of engineering, sestre janjic 6, kragujevac, 34000, serbia
University of Kwazulu ZAF
    school of mathematics, statistics and computer science, university of kwazulu-natal, pietermaritzburg, south africa
University of Leipzig DEU
    aksw, university of leipzig, germany
    university of leipzig, germany
University of Lille FRA
    university of lille, cristal, umr 9189, cnrs, lille, france
University of Ljubljana SVN
    university of ljubljana, faculty of computer and information science, vecna pot 113, ljubljana, 1000, slovenia
University of Luxembourg LUX
    snt, university of luxembourg, luxembourg
    datathings, university of luxembourg, luxembourg, luxembourg
    university of luxembourg, luxembourg, luxembourg
University of Maribor SVN
    faculty of health sciences, university of maribor, maribor, slovenia
    faculty of electrical engineering and computer science, university of maribor, maribor, slovenia
University of Maryland USA
    university of maryland, united states
University of Medicine and Pharmacy Victor Babes ROU
    university of medicine and pharmacy victor babes, piata eftimie murgu, nr.2, timisoara, 300041, romania
University of Miami (Um) USA
    center for computational science (ccs), university of miami (um), miami, fl  33136, united states
University of Miami USA
    center for computational science (ccs), university of miami, miami, fl  33136, united states
University of Munich DEU
    department of statistics, ludwig maximillian university of munich, munich, germany
University of Munster DEU
    university of munster, munster, germany
University of Nevada USA
    university of nevada, reno, nv, united states
University of Nottingham GBR
    department of architecture and built environment, faculty of engineering, university of nottingham, university park, nottingham, ng7 2rd, united kingdom
    computational optimisation and learning (col) lab, school of computer science, university of nottingham, nottingham, united kingdom
University of Oulu FIN
    center for machine vision and signal analysis, university of oulu, finland
University of Oxford GBR
    oxford vaccine group, department of pediatrics, university of oxford, oxford, ox3 9du, united kingdom
    university of oxford, oxford, united kingdom
    engineering science department, university of oxford, oxford, ox1 3pj, united kingdom
University of Patras GRC
    department of mathematics, university of patras, rio patras, 26504, greece
University of Pennsylvania USA
    department of biostatistics, epidemiology and informatics, university of pennsylvania, philadelphia, pa  19104, united states
    institute for biomedical informatics, university of pennsylvania, philadelphia, pa  19104, united states
    university of pennsylvania, philadelphia, pa  19104, united states
    department of bioengineering, university of pennsylvania, philadelphia, pa  19104, united states
    department of computer and information science, university of pennsylvania, philadelphia, pa  19104, united states
    department of chemical and biomolecular engineering, university of pennsylvania, philadelphia, pa  19104, united states
    department of neuroscience, university of pennsylvania, philadelphia, pa  19104, united states
    department of electrical and systems engineering, university of pennsylvania, philadelphia, pa  19104, united states
    department of biostatistics, epidemiology and informatics, institute for biomedical informatics, university of pennsylvania, philadelphia, pa, united states
    department of biostatistics, epidemiology and informatics, institute for biomedical informatics, university of pennsylvania, philadelphia, pa  19104, united states
    department of computer and information science, university of pennsylvania, philadelphia, pa, united states
    penn medicine center for digital health, department of computer and information science, university of pennsylvania, philadelphia, pa, united states
    department of bioengineering, university of pennsylvania, philadelphia, pa, united states
    institute for biomedical informatics, university of pennsylvania, philadelphia, pa, united states
    institute for biomedical informatics, center for pharmacoepidemiology, research, and training, university of pennsylvania, philadelphia, pa, united states
    university of pennsylvania, 3700 hamilton walk, philadelphia, pa  19143, united states
University of Pittsburgh USA
    department of anaesthesiology and perioperative medicine, university of pittsburgh, pittsburgh, pa, united states
    department of pharmaceutical sciences and psychiatry, university of pittsburgh, pittsburgh, pa, united states
    center for clinical pharmacology, university of pittsburgh, pittsburgh, pa, united states
    department of psychology, university of pittsburgh, pittsburgh, pa, united states
University of Plymouth GBR
    school of engineering, computing and mathematics, university of plymouth, plymouth, united kingdom
University of Rochester USA
    department of computer science, university of rochester, united states
University of Science TWN
    university of science, ming chuan university, taiwan
University of Sfax TUN
    regim-lab: research groups in intelligent machines, national engineering school of sfax (enis), university of sfax, sfax, tunisia
    university of sfax, miracl sakiet ezzit3021, tunisia
University of Sharjah ARE
    college of computing and informatics, university of sharjah, united arab emirates
University of Southern California USA
    department of electrical engineering, university of southern california, los angeles, ca, united states
    university of southern california, los angeles, ca, united states
University of St Andrews GBR
    university of st andrews, st andrews, ky16 9aj, united kingdom
University of Stirling GBR
    university of stirling, stirling, united kingdom
University of Sussex GBR
    spru, university of sussex, brighton, united kingdom
University of Sydney AUS
    university of sydney, sensetime computer vision research group, australia
University of Tartu EST
    university of tartu, estonia
    data systems group, university of tartu, estonia
University of Technology AUS
    advanced analytics institute, faculty of engineering, it university of technology sydney, sydney, australia
    advanced analytics institute, feit, university of technology sydney, sydney, australia
University of Technology CHN
    guangdong provincial key laboratory of computer integrated manufacturing systems, guangdong university of technology, guangzhou, 510006, china
    school of electromechanical engineering, guangdong university of technology, guangzhou, china
    guangdong provincial key laboratory of computer integrated manufacturing systems, guangdong university of technology, guangzhou, china
University of Technology POL
    faculty of computing, poznan university of technology, poznan, poland
University of Technology SWE
    department of computer science, electrical and space engineering, lulea university of technology, lulea, 971 87, sweden
University of Technology THA
    faculty of information technology, king mongkut's university of technology, 1518 pracharat 1 rd, wongsawang, bangsue, bangkok, 11000, thailand
University of Texas USA
    university of texas at dallas, department of electrical and computer engineering, richardson, tx  75080, united states
    department of ece, university of texas at austin, austin, tx  78712, united states
    university of texas at dallas, department of political science, dallas, tx, united states
    cognizant technology solutions, university of texas, austin, united states
    university of texas at dallas, dallas, tx, united states
University of The Basque Country ESP
    faculty of science and technology, university of the basque country (upv/ehu), biscay, 48940, spain
    intelligent systems group, university of the basque country, donostia-san, sebastian, spain
University of The Basque Country Upv/Ehu ESP
    department of organic chemistry ii, university of the basque country upv/ehu, leioa, 48940, spain
University of Toronto CAN
    department of physiology, university of toronto, toronto, on, canada
    department of psychology, university of toronto, toronto, on, canada
    institute of medical sciences, university of toronto, toronto, on, canada
    st. michael's hospital, university of toronto, toronto, on, canada
    university of toronto, 500 university ave, toronto, on, canada
    rotman research institute, centre for addiction and mental health, university of toronto, toronto, ont., canada
University of Utah USA
    department of educational psychology, university of utah, 1705 campus center drive, salt lake city, ut  84112-9225, united states
    department of biomedical informatics, university of utah, suite 140, 421 wakara way, salt lake city, ut  84108, united states
University of Vermont USA
    mathematics and statistics, university of vermont, burlington, vt, united states
    vermont complex systems center, university of vermont, burlington, vt, united states
University of Virginia USA
    university of virginia, school of data science, charlottesville, va, united states
University of Waikato NZL
    university of waikato, hamilton, new zealand
University of Washington USA
    department of surgery, university of washington, washington, united states
    department of psychiatry and public health, university of washington, seattle, wa, united states
University of Westminster GBR
    university of westminster, london, united kingdom
    university of westminster, new cavendish street, london, united kingdom
University of Wisconsin USA
    department of ophthalmology and visual sciences, university of wisconsin, school of medicine and public health, madison, wi, united states
    department of neuroscience, university of wisconsin, madison, wi, united states
    department of neurology, university of wisconsin, madison, wi, united states
University of Wisconsin-Madison USA
    laboratory for optical and computational instrumentation, university of wisconsin-madison, madison, wi, united states
University of Wolverhampton GBR
    school of mathematics and computer science, university of wolverhampton, wolverhampton, united kingdom
University of Wurzburg DEU
    chair for data science, computer science, university of wurzburg, am hubland, wurzburg, 97074, germany
University of la Rioja ESP
    department of mathematics and computer science, university of la rioja, logrono, 26004, spain
Utrecht University NLD
    department of information and computing sciences, utrecht university, utrecht, 3512 je, netherlands
Vector Institute CAN
    postgraduate affiliates program, vector institute, toronto, on, canada
Victoria University NZL
    victoria university of wellington, school of engineering and computer science, p.o. box 600, wellington, 6140, new zealand
    school of engineering and computer science, victoria university of wellington, wellington, new zealand
    victoria university of wellington, wellington, new zealand
Wadia Institute of Himalayan Geology IND
    wadia institute of himalayan geology, dehradun, 248001, india
Wake Forest University USA
    department of surgery, wake forest university, winston-salem, united states
Wedo Technologies PRT
    wedo technologies, braga, portugal
Wellcome Trust Sanger Institute GBR
    wellcome trust sanger institute, saffron walden, cb10 1sa, united kingdom
West China Hospital of Sichuan University CHN
    huaxi mr research center, department of radiology, west china hospital of sichuan university, chengdu, china
    department of pathology, west china hospital of sichuan university, chengdu, china
    department of radiology, west china hospital of sichuan university, chengdu, china
    department of neurosurgery, west china hospital of sichuan university, chengdu, china
    huaxi glioma center, west china hospital of sichuan university, chengdu, china
    huaxi mr research center, department of radiology, west china hospital of sichuan university, chengdu, sichuan, china
    department of periodical press, west china hospital of sichuan university, chengdu, sichuan, china
West China Second Hospital of Sichuan University CHN
    department of radiology, west china second hospital of sichuan university, chengdu, sichuan, china
    department of pathology, west china second hospital of sichuan university, chengdu, sichuan, china
    department of obstetrics and gynecology, west china second hospital of sichuan university, chengdu, sichuan  610041, china
West Coast University USA
    computer engineering, west coast university, miami campus, doral, fl  33178, united states
    west coast university, miami campus, fl  33178, united states
Wzl Rwth Aachen University DEU
    laboratory for machine tools, wzl rwth aachen university, steinbachstr. 19, aachen, 52074, germany
Xian Jiaotong University CHN
    xi'an jiaotong university, school of software, xi'an, china
    school of computer science and technology, xi’an jiaotong university, xi’an, china
    xi'an jiaotong university, xi'an, china
Xiangya Hospital of Central South University CHN
    department of neurology, xiangya hospital of central south university, changsha, hunan, china
York University USA
    new york university, united states
Zhejiang University CHN
    school of public affairs, zhejiang university, hangzhou, 310058, china
    college of software engineering, zhejiang university, hangzhou, 310058, china
    zju-uiuc institute, school of civil engineering, zhejiang university, haining, 314400, china
    state key laboratory of fluid power, & mechatronic systems, zhejiang university, hangzhou, 310027, china
    school of mechanical engineering, zhejiang university, hangzhou, 310027, china
    state key laboratory of modern optical instrumentation, college of optical science and engineering, zhejiang universityhangzhou zhejiang, china
    zhejiang university, china
    school of information and electrical engineering, zhejiang university city college, no. 48 huzhou street, hangzhou, prc, 310015, china
    state key laboratory of industrial control technology, college of control science and engineering, zhejiang university, hangzhou, 310027, china
